{
  "nodes": [
	{ "data": { "id": "compound-1" } },
	{ "data": { "id": "compound-2" } },
	{ "data": { "id": "compound-3" } },
	{ "data": { "id": "b", "parent": "compound-1" } },
	{ "data": { "id": "c", "parent": "compound-1" } },
	{ "data": { "id": "a", "parent": "compound-2" } },
	{ "data": { "id": "d", "parent": "compound-3" } },
	{ "data": { "id": "e", "parent": "compound-3" } },
	{ "data": { "id": "f" } }
  ],
  "edges": [
	{ "data": { "id": "ab", "source": "a", "target": "b" } },
	{ "data": { "id": "bc", "source": "b", "target": "c" } },
	{ "data": { "id": "ac", "source": "a", "target": "c" } },
	{ "data": { "id": "cd", "source": "c", "target": "d" } },
	{ "data": { "id": "de", "source": "d", "target": "e" } },
	{ "data": { "id": "df", "source": "d", "target": "f" } },
	{ "data": { "id": "af", "source": "a", "target": "f" } }
  ]
}
